Loss,Accuracy
1345.5434703230858,0.43956597222222227
