Loss,Accuracy
373.3528437614441,0.29427083333333337
