Loss,Accuracy
558.6382660865784,0.23208333333333334
