Loss,Accuracy
550.9710192680359,0.2522222222222222
