Loss,Accuracy
475.17147052288055,0.288125
