Loss,Accuracy
824.9073116779327,0.40518750000000003
