Loss,Accuracy
550.3071393171946,0.2558333333333333
