Loss,Accuracy
577.1463920729501,0.1376190476190476
