Loss,Accuracy
1075.8234594662983,0.30879166666666663
