Loss,Accuracy
757.162520980835,0.17566666666666667
