Loss,Accuracy
853.164869427681,0.4156666666666667
