Loss,Accuracy
1355.0106512904167,0.44085937500000005
