Loss,Accuracy
1266.9954174359639,0.2884166666666667
