Loss,Accuracy
372.12739050388336,0.30864583333333334
