Loss,Accuracy
1384.736824452877,0.4346788194444444
