Loss,Accuracy
157.96972274780273,0.60825
