Loss,Accuracy
803.5486581325531,0.3999375
