Loss,Accuracy
875.8094631433487,0.40404166666666663
