Loss,Accuracy
1107.4972763061523,0.3007222222222222
