Loss,Accuracy
711.0136397361755,0.179875
