Loss,Accuracy
157.6389781832695,0.59725
