Loss,Accuracy
1152.0213473240535,0.28591666666666665
