Loss,Accuracy
435.4854038953781,0.31375
