Loss,Accuracy
165.57896649837494,0.749375
