Loss,Accuracy
880.3923289775848,0.413375
