Loss,Accuracy
1389.707481443882,0.4283072916666667
