Loss,Accuracy
780.407188296318,0.4057708333333333
