Loss,Accuracy
176.8450050354004,0.7259375
