Loss,Accuracy
1399.72575289011,0.42985243055555555
