Loss,Accuracy
112.78740298748016,0.294375
