Loss,Accuracy
1361.2038697004318,0.43234375
