Loss,Accuracy
699.6737858908517,0.15699404761904762
