Loss,Accuracy
1283.142700433731,0.4490017361111111
