Loss,Accuracy
881.5001667737961,0.4217291666666667
