Loss,Accuracy
168.86847108602524,0.74890625
