Loss,Accuracy
159.62549716234207,0.60325
