Loss,Accuracy
571.9412369728088,0.2561111111111111
