Loss,Accuracy
157.48538887500763,0.60025
