Loss,Accuracy
836.743112206459,0.41041666666666665
