Loss,Accuracy
105.88882410526276,0.340625
