Loss,Accuracy
743.721346282959,0.17595833333333333
