Loss,Accuracy
1256.5161265532176,0.29430555555555554
