Loss,Accuracy
861.4290904998779,0.434875
