Loss,Accuracy
752.1082019805908,0.174625
