Loss,Accuracy
389.3474142551422,0.3128125
