Loss,Accuracy
1162.8938199679058,0.29647222222222225
