Loss,Accuracy
414.06567645072937,0.3034375
