Loss,Accuracy
831.9684929847717,0.13297619047619047
