Loss,Accuracy
157.789770424366,0.61775
