Loss,Accuracy
107.83168947696686,0.336875
