Loss,Accuracy
692.3327854360853,0.13485119047619049
