Loss,Accuracy
168.87828385829926,0.74390625
