Loss,Accuracy
1376.8538346290588,0.4271701388888889
