Loss,Accuracy
398.4134806394577,0.299375
