Loss,Accuracy
596.7637492656708,0.17533333333333334
