Loss,Accuracy
178.40634122490883,0.73203125
