Loss,Accuracy
177.36566019058228,0.73203125
