Loss,Accuracy
182.63746535778046,0.72359375
