Loss,Accuracy
1082.3339559237163,0.29565277777777776
