Loss,Accuracy
1426.5557191371918,0.43764756944444444
