Loss,Accuracy
1099.730459690094,0.30580555555555555
