Loss,Accuracy
175.51959830522537,0.731875
