Loss,Accuracy
176.85275626182556,0.7303125
