Loss,Accuracy
180.21523696184158,0.7284375
