Loss,Accuracy
1126.3363661766052,0.3009027777777778
