Loss,Accuracy
108.68672394752502,0.336875
