Loss,Accuracy
155.51569056510925,0.60625
