Loss,Accuracy
604.7974310874939,0.16558333333333336
