Loss,Accuracy
1422.2203487753868,0.43648437500000004
