Loss,Accuracy
173.68989405035973,0.73390625
