Loss,Accuracy
107.32696259021759,0.31625
