Loss,Accuracy
881.6070032119751,0.4199791666666667
