Loss,Accuracy
801.7090859413147,0.40320833333333334
