Loss,Accuracy
181.2003654539585,0.7240625
