Loss,Accuracy
178.3428317308426,0.73515625
