Loss,Accuracy
859.307679772377,0.408625
