Loss,Accuracy
105.01033592224121,0.371875
