Loss,Accuracy
1175.8842138449352,0.2958472222222222
