Loss,Accuracy
1208.6707918643951,0.2786111111111111
