Loss,Accuracy
1173.097083568573,0.30391666666666667
