Loss,Accuracy
563.6566292444865,0.26868055555555553
