Loss,Accuracy
1382.1359738111496,0.4365364583333333
