Loss,Accuracy
1109.9397695859273,0.31006944444444445
