Loss,Accuracy
1349.0640741586685,0.4364149305555555
