Loss,Accuracy
1359.7715080976486,0.4240538194444444
