Loss,Accuracy
167.1262530684471,0.7403125
