Loss,Accuracy
875.5787949562073,0.43385416666666665
