Loss,Accuracy
172.62856709957123,0.73890625
