Loss,Accuracy
487.4234448671341,0.30822916666666667
