Loss,Accuracy
880.2739378213882,0.4059583333333333
