Loss,Accuracy
152.8274403810501,0.62125
