Loss,Accuracy
175.18624705076218,0.73078125
