Loss,Accuracy
1140.1764192581177,0.2911388888888889
