Loss,Accuracy
1378.137397646904,0.4426736111111111
