Loss,Accuracy
371.20386004447937,0.3228125
