Loss,Accuracy
562.5136968294779,0.2523611111111111
