Loss,Accuracy
716.9410983834948,0.13732142857142857
