Loss,Accuracy
369.8526540994644,0.31177083333333333
