Loss,Accuracy
1112.8700262705486,0.29630555555555554
