Loss,Accuracy
174.78726106882095,0.73828125
