Loss,Accuracy
1339.6595022678375,0.42404513888888884
