Loss,Accuracy
546.516816775004,0.26319444444444445
