Loss,Accuracy
695.227828502655,0.18254166666666666
