Loss,Accuracy
1197.2577770551045,0.2856111111111111
