Loss,Accuracy
853.2173985753741,0.13422619047619047
