Loss,Accuracy
861.4412478804588,0.4360833333333334
