Loss,Accuracy
1055.5892589092255,0.30236111111111114
