Loss,Accuracy
545.8427681446076,0.18787500000000001
