Loss,Accuracy
824.4955297878811,0.13931547619047618
