Loss,Accuracy
747.4004979814802,0.14547619047619048
