Loss,Accuracy
154.53211838006973,0.61725
