Loss,Accuracy
156.74200719594955,0.61225
