Loss,Accuracy
1126.0683177312214,0.2951944444444445
