Loss,Accuracy
1108.2439786195755,0.39164583333333336
