Loss,Accuracy
787.2988497189114,0.14604166666666665
