Loss,Accuracy
1323.424862086773,0.4341493055555556
