Loss,Accuracy
886.1130607128143,0.43262500000000004
