Loss,Accuracy
172.97385853528976,0.7378125
