Loss,Accuracy
843.8829027414322,0.4176458333333333
