Loss,Accuracy
831.2848651409149,0.4181875
