Loss,Accuracy
183.05494818091393,0.723125
