Loss,Accuracy
110.97231757640839,0.320625
