Loss,Accuracy
1324.750045120716,0.4409635416666666
