Loss,Accuracy
543.9736475467682,0.18233333333333335
