Loss,Accuracy
724.3010162512461,0.2826527777777778
