Loss,Accuracy
1039.230031490326,0.3012361111111111
