Loss,Accuracy
546.4917375246683,0.24541666666666664
