Loss,Accuracy
1379.3487327098846,0.42895833333333333
