Loss,Accuracy
817.6089066267014,0.41608333333333336
