Loss,Accuracy
1451.135698914528,0.4280121527777778
