Loss,Accuracy
539.4360992908478,0.2546527777777778
