Loss,Accuracy
726.6713627815246,0.17695833333333333
