Loss,Accuracy
159.7501164674759,0.60425
