Loss,Accuracy
177.29394161701202,0.72984375
