Loss,Accuracy
1349.975237429142,0.43830729166666665
