Loss,Accuracy
3.031621909542009,0.9219034783515556
