Loss,Accuracy
1.182797341919536,0.9721391282193811
