Loss,Accuracy
1.6368993009172845,0.9622169613235356
