Loss,Accuracy
1.2562883563214866,0.9709951561894655
