Loss,Accuracy
1.3931468694711997,0.9690560686071386
