Loss,Accuracy
3.0527408355847,0.9245536496611794
