Loss,Accuracy
3.490499382354319,0.9135094234344318
