Loss,Accuracy
3.088315981887281,0.9223214360339775
