Loss,Accuracy
1.8898710262752139,0.9547572791167874
