Loss,Accuracy
3.5036813842505214,0.9132976188550207
