Loss,Accuracy
1.363527764569884,0.971419602325366
