Loss,Accuracy
1.6416972480795813,0.9609414092474062
