Loss,Accuracy
1.7825957837956958,0.9571457771941401
