Loss,Accuracy
3.0701124936901034,0.9238805318708845
