Loss,Accuracy
1.2014194263817124,0.9740007035158422
