Loss,Accuracy
1.8164416965807322,0.9557982774126325
