Loss,Accuracy
1.6591467083489988,0.9623605811904504
