Loss,Accuracy
1.1515572393805633,0.9715955978805566
