Loss,Accuracy
1.6988388559268788,0.960545189429777
