Loss,Accuracy
1.3266134598874293,0.9696368579134872
