Loss,Accuracy
3.053489894978702,0.9228971843780778
