Loss,Accuracy
1.6086304515658412,0.9633755112530753
