Loss,Accuracy
1.6281770456087543,0.9618949513260441
