Loss,Accuracy
1.72187387090642,0.9607346849628928
