Loss,Accuracy
3.5081987207569183,0.9116692352650841
