Loss,Accuracy
1.9848994835838676,0.9512785660695634
