Loss,Accuracy
3.681146365702152,0.9071270477475896
