Loss,Accuracy
1.2248445539461659,0.9723466156492664
