Loss,Accuracy
3.0549972423538567,0.9247127034920802
