Loss,Accuracy
1.9155919364094733,0.9538709153421797
