Loss,Accuracy
1.2657454587766688,0.9692729230885846
