Loss,Accuracy
3.017638228489086,0.9245317884058055
