Loss,Accuracy
1.1479910063475511,0.9730827516760152
