Loss,Accuracy
3.586406387267634,0.9085229225796762
