Loss,Accuracy
3.027491225190461,0.922453047448276
