Loss,Accuracy
3.5730263123288752,0.9104743887137885
