Loss,Accuracy
1.5989362258376787,0.962970401936988
