Loss,Accuracy
1.7686547990702093,0.9591816374028501
