Loss,Accuracy
1.2596731808853996,0.9706579004855391
