Loss,Accuracy
3.0392991422116755,0.9236268056939438
