Loss,Accuracy
1.1510718639565456,0.9742086970665521
