Loss,Accuracy
3.575172964055091,0.9089225479535333
