Loss,Accuracy
2.271208015549928,0.9434592131368518
