Loss,Accuracy
1.6460953375871759,0.961963979590233
