Loss,Accuracy
1.6082251526683102,0.9620962280150467
