Loss,Accuracy
1.6156740874284878,0.962220335540184
