Loss,Accuracy
1.182955479078322,0.9722163420439807
