Loss,Accuracy
3.4983373829722404,0.9109657032411285
