Loss,Accuracy
1.2565794133628991,0.972909387001617
