Loss,Accuracy
1.8060859805857763,0.9588299246169523
