Loss,Accuracy
1.367920261132057,0.9711440644107837
