Loss,Accuracy
1.1880889587529746,0.9717755937115737
