Loss,Accuracy
3.1006848889216783,0.9236193029492767
