Loss,Accuracy
3.669711944758892,0.9079534820976197
