Loss,Accuracy
1.2788254757868576,0.9697834431902403
