Loss,Accuracy
1.2764815777618423,0.9729086779587145
