Loss,Accuracy
1.8434849218296585,0.9549602996893063
