Loss,Accuracy
3.0488284246996047,0.9233559304011203
