Loss,Accuracy
1.2282190736221947,0.9711432566703725
